input,actual_output,expected_output,context,source_file
수요압력 고국면에서 GDP갭률이 1%p 확대될 때 근원물가 상승률의 변화는 어떻게 되는가?,"보고서(‘Ⅲ-2. 수요측 물가압력이 근원물가에 미치는 영향’)의 비대칭 필립스곡선 추정 결과에 따르면 다음과 같습니다.

* **직접 추정(전체 근원물가 대상):** 
  * 전체 근원물가를 종속변수로 직접 분석했을 때, 수요압력이 높은 국면에서 GDP갭률이 1%p 확대될 경우 근원물가 상승률은 **0.14%p(약 0.1%p)** 높아지는 것으로 추정되었습니다.

* **간접 추정(경기민감물가 활용):** 
  * 수요압력이 높은 시기에 GDP갭률이 1%p 확대될 때 경기민감물가 상승률은 **0.42%p** 높아집니다. 경기민감물가가 근원물가에서 차지하는 비중(60~90%)을 감안하면, 근원물가 상승률에 미치는 영향은 **약 0.2~0.4%p** 범위로 추정되었습니다.

* **종합 결론:** 
  * 경기민감물가를 통한 간접 추정(약 0.2~0.4%p)과 직접 추정(약 0.1%p)을 종합해 볼 때, 수요압력 고국면에서 GDP갭률이 1%p 확대될 경우 **근원물가 상승률은 약 0.1~0.4%p 높아질 수 있는 것**으로 분석되었습니다.

*(참고로, 상태의존적 국소투영모형을 통한 동태적 분석에서도 高수요압력국면에서는 한 단위(1표준편차) 수요충격 발생 시 근원물가 상승폭이 점차 확대되어 6분기 후 약 0.6%p에 이르는 등 低수요압력국면에 비해 물가 반응이 더 크고 오래 지속되는 것으로 나타났습니다.)*","수요압력이 높은 시기에 GDP갭률이 1%p 확대될 때 근원물가 상승률은 약 **0.1~0.4%p 높아지는 것으로 추정**됩니다.

이는 두 가지 추정 방식의 결과를 종합한 것입니다:
- **간접 추정(경기민감물가 경로)**: 약 0.2~0.4%p
- **직접 추정(전체 근원물가)**: 약 0.1%p

참고로 수요압력이 낮은 시기에는 GDP갭률 확대에 따른 물가 반응이 통계적으로 유의하지 않았으며, 이는 수요압력에 따른 물가반응의 **비대칭성**을 보여줍니다.","14. 이러한 결과를 바탕으로 수요압력이 근원물가에 미치는 영향을 두 가지 방식으로
정량화하였다. 먼저 경기민감물가를 종속변수로 하는 필립스곡선을 추정하여 갭  GDP
률 변화가 경기민감품목의 가격상승률에 미치는 영향을 측정하였다 이어 경기민감                                                      .
품목이 전체 근원물가에서 차지하는 비중과 상승기여도를 고려하여 수요압력이 전                                                      ,
체 근원물가 상승률에 미치는 영향을 간접적으로 평가하였다 이와 함께 국소투영                                                  .
법      을 활용하여 수요충격이 근원물가에 미치는 동태적 효과를 추정하였다                                                                       .
국소투영법 분석에서는 경기민감물가를 중간 단계로 사용하지 않고 전체 근원물가를
  Local Projection
종속변수로 설정하여 수요충격이 근원물가에 미치는 직접적인 효과를 추정하였다
                                 ,                                                                           .
Ⅲ-2 수요측 물가압력이 근원물가에 미치는 영향
15. 경기민감물가를 활용하여 비대칭 필립스곡선을 추정한 결과, 수요압력이 높은 시
기에는 물가의 반응이 크게 확대되는 것으로 나타났다. 수요압력이 높은 시기에는
GDP갭률이   확대될 때 경기민감물가 상승률이
                   1%p          높아진 반면 전체기간                                    0.42%p                ,
대상으로는 그 효과가     에 그쳤다      경기민감물가가 근원물가에서 차
                                          0.11%p             .   15)
                                                                     [그림 13]
지하는 비중이     수준임을 감안하면 갭률 60~90%확대가 근원물가 상승률                         GDP        1%p
에 미치는 영향은 약       범위인 것으로 추정된다 반면 수요압력이 낮은 시
                                         0.2~0.4%p                                .
기에는 갭률 확대에 따른 경기민감물가 반응이 통계적으로 유의하지 않았다
          GDP                                                                                                     .
전체 근원물가를 대상으로 동일한 분석을 실시한 결과에서도 수요압력에 따른 물                                                  ,
가반응의 비대칭성이 확인 되었으나 그 정도는 경기민감물가에 비해 다소 약한    16)
    로 추정되었다
0.14%p         이는 수요압력의 영향이 크게 나타나는 경기민감품목
                                     [그림 14]
                                     .
뿐 아니라 상대적으로 경기 반응도가 낮은 품목까지 포함하여 근원물가 전체를 대
상으로 분석할 경우 수요압력에 대한 평균적인 물가 반응이 완화되기 때문인 것으
                             ,
로 판단된다 종합적으로 보면 경기민감물가를 통한 간접 추정은 약
                   .                       로                                                        0.2~0.4%p
추정되고 직접 추정은,    로 추정되어 갭률이      확대될 경우 근원물가
                                          0.1%p                     GDP          1%p
상승률이 약      높아질 수 있다   0.1~0.4%p                         .
16. 근원물가의 동태적 반응을 분석한 결과에서도, 수요압력이 높은 국면에서 물가 반
                        수요충격에 대한 근원물가의 동태적
응이 더 크고 오래 지속되는 것으로 나타났다.
반응을 상태의존적       국소투영모형 을 이용해 분석한 결과 동일한 수요충                        17)
                                                                                                ,
격이라도 수요압력 국면에서는 수요압력 국면에 비해 근원물가의 상승폭이 크
                            state-dependent
               高                                     低
고 그 영향도 더 오래 지속되었다 한단위    수요충격 이 발생할 경우 수요압          .            1표준편차
                                                                                      18)
                                                                                                         ,
15) 비대칭적 필립스곡선을 추정하는 방법은 <참고 5>를 참조하기 바란다.
16) 기조적 물가를 나타내는 지표로는 근원물가 이외에도, 관리제외 근원물가, 관리제외 경직물가, 가중중위수,
    Underlying Inflation Gauge(UIG), 조정평균 등 다양한 지표가 있다. 이들 지표의 평균 및 중위수를 활용해 동일한
    분석을 실시한 결과, 수요압력에 따른 물가반응의 비대칭성이 동일하게 확인되었다. 또한 개별 기조적 물가지표
    를 활용한 경우에도 비대칭성이 나타나, 분석 결과가 지표의 선택에 관계없이 강건한 것으로 판단된다.
17) 수요충격 식별과 동태적 물가반응 분석은 <참고 6>을 참조하기 바란다.
                                                                                                                 39|력이 높은 국면에서는 근원물가 상승폭이 점차 확대되어 분기 후 약   에 이른                     6               0.6%p
반면 수요압력이 낮은 국면에서는 분기 후 약
           ,                상승하는 데 그쳤다   3           0.2%p                            .
                                                                                          [그림 15]
수요압력이 경기민감물가와 근원물가에 미치는 영향은 비대칭적
                                                                [그림 15] 수요충격1)이 근원물가에
[그림 13] 수요압력의 경기민감물가 영향1) [그림 14] 수요압력의 근원물가 영향1)
                                                                        미치는 누적 영향2)
 주: 1) 세로 막대선은 90% 신뢰구간을 의미 주: 1) 세로 막대선은 90% 신뢰구간을 의미          주: 1) 부호제약 BVAR로 식별한 한단위
자료: 저자 추정                  자료: 저자 추정                                  수요충격
                                                                   2) 음영은 68% 신뢰구간을 의미
                                                               자료: 저자 추정
Ⅲ-3 GDI 개선이 근원물가에 미치는 영향
17. 교역조건 개선을 통한 GDI 기반 수요충격은 GDP 기반 충격보다 근원물가에 더
큰 상승압력으로 작용하는 것으로 나타났다.교역조건 변화가 실질소득과 구매력 증
대를 통해 수요에 영향을 미치는 소득경로만을 고려 하여 상태의존적 국소투영모               19)
형 으로 분석한 결과 수요압력이 높은 국면에서 기반 수요충격 한단위
     20)
                             ,                         GDI
는 근원물가 상승률을 최대 약    높이는 것으로 분석되었다     이는 교역
                                                                                            1표준편차
                                                                            [그림 16]
                                       0.7%p                            .
조건 개선이 생산활동뿐 아니라 실질소득 과 구매력 증가를 통해 소비를 확대함으
로써 갭만으로는 충분히 포착되지 않는 추가적인 수요압력을 발생시킬 수 있
                                               GDI
           ,   GDP
음을 시사한다              .
18. 교역조건 개선의 요인별 영향을 수출가격 상승과 수입가격 하락으로 구분해 보면,
수입가격 하락보다 수출가격 상승에 따른 소득 증대가 근원물가에 더 큰 상승압력으
로 작용하였다.수출가격 상승에 따른 교역조건 개선 충격은 수입가격 하락에 따른
충격에 비해 근원물가에 미치는 영향이 전체기간에 걸쳐 더 크게 나타났으며 통계
적으로도 유의하였다     이는 수출가격 상승이 교역조건 개선을 주도한 시기에
                         .
                             [그림 17]
수입가격 하락이 이를 주도한 시기보다 소비가 유의하게 증가하였다는 이종웅 외
18) 모형에서 추정된 한단위 수요충격의 1표준편차 크기는 약 1.0~1.1로 정규화된 구조충격 한단위에 해당된다.
19) 일반적으로 교역조건 개선은 소득 증가를 통해 수요압력을 높여 물가의 상방요인으로 작용할 수 있으나, 환율·비
    용 경로 등을 통해 물가의 하방압력으로도 작용하는 등 물가영향은 상·하방요인이 혼재하고 있다. 다만 금번 교
    역조건 개선기는 수출가격 상승에 의해 주도되고 있어 높은 환율 수준, 큰 폭의 소득 증가 등을 고려할 때 소득
    경로가 중요하게 작용할 가능성이 높다(이종웅 외, 2026 참조).
20) GDI 및 교역조건 관련 수요충격의 동태적 물가반응 분석은 <참고 7>을 참조하기 바란다.
40",
"IT 부문의 명목임금 증가가 건설 등 비IT 부문보다 가속화될 경우, 이러한 부문 간 임금 격차가 전체 경제 불평등과 소비 패턴에 어떤 영향을 미칠 것으로 전망되는가?","한국은행 경제전망보고서(docs_2026_08.md)를 바탕으로 확인한 내용은 다음과 같습니다.

### 1. 문서에서 확인된 내용
* **IT 부문과 비IT 부문 간 명목임금 격차**:
  * 보고서는 ""명목임금은 IT 부문을 중심으로 오름세가 확대되겠으나, 건설업 등 일부 비IT 부문에서는 회복이 지연될 것으로 예상된다""고 기술하고 있습니다(본문 141행, 617행).
  * 특히 ""주요 IT 대기업의 실적이 예상보다 호조를 보임에 따라 특별급여 상승폭이 당초 예상보다 커질 것""으로 보는 반면, ""건설업 등 비IT 부문 회복 지연은 하방요인으로 작용하고 있다""고 명시하고 있습니다(본문 617행).
* **소비에 대한 파급 영향**:
  * 향후 민간소비는 ""반도체 경기 호조의 영향이 가계의 소득여건 개선으로 나타나면서 회복세가 지속될 것으로 예상""(26년 2.1%, 27년 2.3% 증가 전망)됩니다(본문 683행).
  * 다만, 보고서는 ""반도체 경기 호조의 직접적인 수혜가 일부 산업·계층에 집중되어 있는 점은 긍정적 파급효과를 다소 제약할 수 있는 요인""(본문 647행)이며, ""IT 수출 호조의 수혜가 특정 부문에 집중되어 있어 전반적인 소비 확대로 이어지기까지는 다소 시간이 걸릴 수 있다""(본문 각주 10번, 705행)고 지적하고 있습니다.

---

### 2. 문서에서 확인되지 않는 내용 (한계 및 추가 확인 필요 부분)
* **전체 경제 불평등 및 세부 소비 패턴에 미치는 영향**:
  * 본 보고서에는 부문 간 임금 격차가 **전체 경제 불평등(지니계수, 5분위 배율 등 소득분배 지표)**이나 **가계의 품목별 소비 패턴 변화**에 미칠 구체적인 영향에 대해 별도로 분석하거나 전망한 내용은 포함되어 있지 않아 **정확한 영향을 알 수 없습니다**.
  * 이를 구체적으로 확인하기 위해서는 본 거시전망보고서 외에 가계동향조사를 바탕으로 한 소득분배 분석 자료나, 산업·소득계층별 임금 격차가 소비지출 행태에 미치는 영향을 다룬 별도의 미시 분석 보고서를 확인해야 합니다.","# 답변

보고서에서는 **IT 부문 중심의 명목임금 오름세 확대**와 **건설업 등 비IT 부문의 회복 지연**을 언급하고 있습니다. 

다만, 보고서 본문에는 부문 간 임금 격차가 **전체 경제 불평등과 소비 패턴에 미치는 구체적인 영향**에 대한 직접적인 분석이나 수치가 제시되어 있지 않습니다. 

보고서는 **2025년 민간소비 1.5% 성장, 2026년 2.1% 성장** 전망만 제시하고 있으며, 이는 부문별 임금 격차의 영향을 구분하여 분석한 것이 아닙니다.","§ 명목임금 은 부문을 중심으로 오름세가 확대되겠으나 건설업 등 일부 비
                             IT                                                                                   ,                    IT
   부문에서는 회복이 지연될 것으로 예상된다                                                             .
 § 시장금리  는 국내경제 성장세 확대 미 국채금리 및 국제유가 움직임 등에                                      ,
   영향받으며 등락하였다 원/달러 환율은 외환수급 여건이 개선되고 미 달러화가
                       회사채
                                              .
   약세를 보이면서 큰 폭 하락하였다 주택가격은 수도권을 중심으로 오름세가 지속                         .
   되었다             .
  <지정학적 리스크와 유가>                                          <글로벌 반도체 경기>                                      <주가 변동성과 경제심리>
       (장기평균 = 100)                (달러/배럴)               (십억달러)                                (달러)
400                                          120 210                                                  70
             지정학적 리스크 지수(좌축)                                   글로벌 반도체 매출(좌축)
350          브렌트유(우축)                        110 180                                                  60
                                                               DDR5 16Gb 가격(우축)
300                                          100 150           NAND 128Gb 가격(우축)                      50
250                                          90 120                                                   40
200                                          80    90                                                 30
150                                          70    60                                                 20
100                                          60    30                                                 10
 50                                          50     0                                                 0
       1
      25.1   4     7    10   126.1 4    7               25.1
                                                         1       4    7     10       126.1 4     7
자료: Caldara et al.(2021), Bloomberg 자료: WSTS, DRAMeXchange                                                  주: 검은 점선은 08.7월∼25.12월 기준
                                                                                                               추세선
                                                                                                           자료: 한국은행, 한국거래소
                                                                <대외여건 전제 1)>
                              2025                                   2026                                             2027e)
             (%)
                                             상반 2)                   하반 e)             연간 e)               상반          하반      연간
                                  3.5         3.0                     3.0               3.0                3.1         3.2      3.2
세계경제3)
                                                                                       [2.9]                                   [3.1]
                                  2.1             2.4                 1.9               2.2                 2.3        2.0      2.1
 • 미 국
                                                                                       [2.1]                                   [2.0]
                                  1.2             0.7                 0.9               0.8                 1.1        1.2      1.2
 • 유 로
                                                                                       [0.8]                                   [1.2]
                                  5.0             4.7                 4.5               4.5                 4.3        4.4      4.3
 • 중 국
                                                                                       [4.6]                                   [4.3]
                                  5.0             4.9                 3.4               4.2                 3.7        4.3      4.0
세계교역3)
                                                                                       [2.8]                                   [3.2]
                                  68              88                  84                86                  76         72       74
국제유가4)
                                                                                       [93]                                    [80]
 주: 1) [ ]내는 26.5월 전망치     2) 세계경제, 세계교역은 전망치
    3) 전년동기대비              4) 브렌트유 기준, $/배럴, 기간 평균 기준
자료: 각국 통계청, Bloomberg, 조사국
                                                                     < 요약 2 / 9 >|6
    경제전망
▢ 금년 국내경제는 중동상황의 불확실성 지속에도 불구하고 반도체 경기 호황과 그에
    따른 파급효과의 확산으로 3.3%5월 전망대비 +0.7%p의 높은 성장세를 나타낼 전망이다.
          에는 중동전쟁으로 인한 공급충격이 정부정책 등으로 상당 부분 완충된
    § 2/4분기
      데다 수출이 호조를 지속하고 소비도 추경 등으로 개선 모멘텀이 이어지면서
      전기대비            성장하였다
            ,
               전년동기대비   0.6% (         3.7%)                    .
    § 하반기 중에도    부문 중심의 수출 투자 호조세가 지속되고 소비는 양호한             ·
      회복세를 이어갈 것으로 판단된다 또한 중동 에너지 공급망 차질이 점차 완화
                             IT
                                                                    發
      되면서 비 부문의 부진도 완화될 것으로 보인다 분기별로는 3/4분기중 그간의
                                                   .
      높은 성장에 따른 기저효과 등으로 소폭 둔화된       성장하겠으나 4/4분기
                    IT                                                   .
      에는      의 양호한 성장세를 나타낼 것으로 예상된다
                                                                         0.3%(2.6%)           ,
                0.5%(3.3%)                                                            .
    § 내년에는 반도체 경기 확장세가 지속되는 가운데 여타 부문으로의 파급효과도 본격화
      됨에 따라 내수와 수출 모두 견조한 흐름을 보이며 연간
                    ,                    성장할 전망이다                                 2.9%              .
▢ 올해 GDP 성장률이 0.7%p 상향조정된 데에는 실적치 수정+0.2%p, 반도체 경기 호조+0.35%p,
    3대 메가프로젝트 등 투자 가속화 +0.1%p, 예상보다 작은 중동영향 +0.1%p 등이 상방요인
    으로 작용하였다.
      <26년 성장전망 조정 (요인별Main Driver)>                                <26년 성장전망 조정 (지출부문별)>
주: 1) 반도체 수출 물량·가격 예상 상회, AI연관 품목 수출 확대                             2) 25년 및 26.1/4분기 잠정치 상향 수정
   3) 증시 조정, 시장금리 상승 등                                              4) 지식재산생산물투자, 재고증감 등
                  <국내 성장률 전망1)>                                          <국내 GDP 전망경로>
                                       e)              e)
          (%)              2025   2026         2027
                                    3.3          2.9
    GDP                     1.1
                                   [2.6]        [2.1]
                                    2.1          2.3
    • 민간소비                  1.5
                                   [2.0]        [2.1]
                                    9.7          4.6
    • 재화수출                  3.3
                                   [4.9]        [3.3]
                                    0.2          1.9
    • 건설투자                 -9.7
                                   [0.6]        [1.5]
                                    6.8          4.7
    • 설비투자                  1.5
                                   [4.4]        [2.7]
    주: 1) [ ]는 26.5월 전망치                                                                  자료: 조사국
                                                  < 요약 3 / 9 >",
"만약 동조성 지수가 급격히 상승하면서 물가상승률이 임계점을 넘어간다면, 거시경제 전망에 어떤 신호를 시사하는가?","한국은행 경제전망보고서(2026년 8월)에 따르면, 동조성 지수가 급격히 상승하면서 근원물가 상승률이 임계점을 넘어가는 것은 거시경제 전망에 대해 다음과 같은 신호를 시사합니다.

1. **물가상승의 광범위한 품목 확산**
   - 과거 자료 분석 결과, 근원물가 상승률이 임계수준인 **2.5% 내외(추정 구간 2.5~2.8%)**를 넘어서면 품목 간 가격 움직임의 동조성이 가파르게 높아지는 비선형적 관계가 나타납니다.
   - 이는 근원물가 상승률이 2.5%를 상회하는 국면에서는 **“다른 품목과 동조하지 않고 개별적으로 움직이는 근원물가 품목은 거의 존재하지 않음”**을 의미하며, 물가상승 압력이 일부 품목에 그치지 않고 여타 다양한 품목으로 광범위하게 전방위적으로 확산되고 있음을 시사합니다.

2. **비용 전가 용이화 및 전반적인 물가 상방압력 확대**
   - 가계의 소비여력 확충 및 수요측 압력이 뒷받침되면서 기업들이 가격을 인상하기 용이해져 **비용상승분의 가격 전가가 확대**됩니다.
   - 이에 따라 향후 가격 상승세가 다른 품목으로 파급되며 전반적인 근원물가의 **상방압력이 더욱 강화**될 가능성을 나타냅니다.

3. **고물가 흐름의 장기화 및 물가 고착화(Persistence) 위험**
   - 특히 여행·숙박·음식 등 경기상황에 민감하고 동조성이 높은 **개인서비스 품목을 중심으로 가격 동조성이 빠르게 강화**될 경우, 물가상승의 확산 정도와 지속성이 함께 커지게 됩니다.
   - 이는 향후 근원물가가 **“2% 중후반의 높은 오름세가 상당기간 이어질 가능성”**과 함께 수요측 압력으로 인한 물가상승이 광범위하게 확산되어 **‘고착화’될 위험**이 커지고 있음을 시사합니다.","# 답변

동조성 지수가 급격히 상승하면서 물가상승률이 임계점을 넘어가는 것은 **근원물가의 광범위한 상승**을 시사합니다.

BIS(2022) 연구에 따르면, 물가상승률이 올라갈 때 동조성 지수가 함께 올라가며, **특정 물가상승률 수준(임계점)을 넘어가면 동조성 지수가 더 크게 확대되는 경향**이 나타났습니다. 

이는 개별 품목들의 가격상승률이 중윗값과 유사한 방향과 폭으로 변동하고 있다는 의미로, 특정 품목에 국한된 가격 상승이 아니라 **전반적인 물가 상승이 광범위하게 진행 중**임을 나타냅니다. 따라서 이러한 신호는 인플레이션이 구조화되고 있으며, 통화정책의 긴축 필요성이 높아지고 있음을 시사합니다.","참고 3        근원물가 품목 간 동조성 지수 측정방법
□ 동조성 지수(similarity index)는 개별 품목들의 물가상승률(전년동월비)이 얼마나 ‘유사하
  게’ 또는 ‘함께’ 움직이는지를 나타내는 지표이다. BIS(2022)에서는 물가상승률이 올라갈
  때 동조성 지수가 같이 올라가며, 특정 물가상승률 수준(임계점)을 넘어가면 동조성 지수
  가 더 크게 확대되는 경향이 나타났다.
□ 동조성 지수는 다음과 같은 식으로 계산된다.
             
               
                                
       ,                            동조성 지수    
        
               
                             
    단,  는 기의 품목의 전년동월비 상승률,
            는 기 품목들의 전년동월비 중윗값(median)
 ㅇ 위 산식에 따르면 동조성 지수는 개별 품목의 가격상승률이 중윗값과 유사한 방향과 폭
   으로 변동할수록 높아진다*.
   * (예시) 품목이 3개만 존재하는 경우, 3개의 품목이 동일하게 2%씩 증가하는 경우에는 중윗값
    이 2%이고, 동조성 지수는 1로 계산된다. 이 경우 모든 품목의 가격변동이 동조화되어 동일하
    게 다 같이 오른다고 볼 수 있다.
       3개의 품목이 각각 5%, 2%, -1%씩 증가하는 경우에는 중윗값은 2%로 첫 번째와 동일하지만,
    동조성 지수가 0.25로 계산되어 개별 품목들의 동조성이 크게 약화된 것으로 나타난다.
                                                             45|참고 4         경기민감물가 추정방법
 □ Fröhling and Lommatzsch(2011), Ehrmann et al.(2018) 등 선행연구를 바탕으로 관리제외
      근원물가 구성품목 중 경기변수 포함 시 해당 품목 예측의 정확도가 높아지는 품목을 경
      기민감품목으로 식별하고, 동 품목들의 물가지수를 가중평균하였다.
     (1단계) 품목별로 벤치마크 필립스곡선(경기변수 미포함)과 15개 비교예측모형(GDP갭률
           1~4기 시차변수의 조합 기준)을 추정하였다.
      <벤치마크>
                     
     단, =j품목 CPI상승률,
          =원/달러환율 상승률,
          =에너지제외 수입물가 상승률
      <비교모형: 15개 (∈ …  )>
           
                      
                                     ∈ 
                                             
                                                
                                                          
                                                (  ⊆ )
     (2단계) 품목별로 벤치마크 모형과 비교모형의 향후 4개 분기에 대한 ARMSFE* (Average
           of Root Mean Squared Forecast Error)를 계산하였다.
               * 각 모형의 1~4분기 후 예측에 대한 4개 RMSFE 값을 평균
     (3단계) 15개 비교모델 중 하나라도 벤치마크 모델보다 높은 예측력(낮은 ARMSFE)을 나타낼
           경우 경기민감품목으로 분류하였다.
     (4단계) 매 분기 구성품목과 가중치를 사용하여 경기민감물가지수를 계산하였다.
46",
팬데믹 이후 개인서비스와 경기민감물가의 근원물가 기여도 비교는?,"본 보고서(「수요측 물가압력이 근원물가에 미치는 영향」 등)에 수록된 내용을 바탕으로 확인한 결과는 다음과 같습니다.

본 보고서에서는 **개인서비스와 경기민감물가를 별개의 대립 항목으로 분리하여 기여도 수치를 1:1로 직접 비교하고 있지는 않습니다.** 오히려 **팬데믹 이후 근원물가 상승을 주도한 핵심 품목이 바로 ‘경기상황에 민감한 개인서비스’**라고 분석하고 있습니다. 

보고서에 명시된 주요 분석 내용과 근거 수치는 다음과 같습니다.

---

### 1. 팬데믹 이후 개인서비스의 근원물가 기여도 확대
* **기여도 확대 및 주도**: 글로벌 금융위기 이전에는 집세, 교육서비스 등 정부정책·제도적 요인의 영향을 크게 받는 품목이 근원물가 상승을 주도했던 반면, **""팬데믹 회복기(④기) 이후에는 이전과 달리 경기상황에 민감한 개인서비스의 비중이 크게 확대""**되었으며, **""여행·숙박·음식서비스 등 개인서비스의 기여도가 높아지는 모습""**을 보였습니다(본문 10단락).
* **파급 경로**: 팬데믹 초기에는 전자기기 등 내구재 중심의 펜트업 소비로 가격이 올랐으나, 거리두기 해제 이후 여행·숙박·음식 등 개인서비스 수요가 빠르게 확대되면서 물가 상승세가 재화에서 서비스로 확산되었습니다([그림 2.23], [그림 10]).

### 2. 경기민감물가와의 관계 및 비중
* **품목 구성의 중첩**: 보고서에서 정의한 ‘경기민감물가’는 관리제외 근원물가 중 경기변수 포함 시 물가 예측력이 유의하게 개선되는 품목들로 구성되는데, 여기에 외식(9개 품목, 가중치 50.3‰) 및 외식제외 서비스(34개 품목, 가중치 95.6‰: 호텔숙박료, 학원비, 운동학원비, 승용차임차료 등) 등 **개인서비스 품목이 주요 품목으로 대거 포함**되어 있습니다([표 2]).
* **근원물가 비중**: 경기민감물가가 전체 근원물가에서 차지하는 비중은 **60~90% 수준**으로 추정되며, 높은 수요압력 국면에서 경기민감물가의 비중과 상승기여도를 감안할 때 GDP갭률 1%p 확대가 근원물가 상승률에 미치는 영향은 약 **0.2~0.4%p** 수준으로 정량화되었습니다(본문 15단락).

---

**요약 및 확인 한계:**
개인서비스와 경기민감물가의 기여도를 각각 분리한 직접적인 비교 수치는 보고서에 수록되어 있지 않으며(경기민감물가의 상당 부분이 개인서비스 품목으로 구성됨), **팬데믹 이후 근원물가 상승은 경기민감물가 내에서도 여행·숙박·음식 등 ‘개인서비스’ 품목의 기여도와 비중이 크게 확대되면서 주도되었다**는 점이 보고서에서 확인된 핵심 내용입니다.","# 팬데믹 이후 개인서비스와 경기민감물가의 근원물가 기여도

팬데믹 이후 **개인서비스(여행·숙박·음식)**가 근원물가 상승을 주도하고 있습니다. 

보고서에 따르면, 수요주도 高근원물가기에는 ""여행·숙박·음식 등 경기상황에 민감하고 동조성이 높은 개인서비스가 근원물가 상승을 주도하고 있어 과거에 비해 물가상승이 광범위하게 확산될 가능성""이 있다고 명시되어 있습니다.

한편, **경기민감물가**는 분석 도구로서의 역할을 합니다. 경기민감물가는 전체 근원물가보다 **GDP갭률과 더 밀접한 관계**를 보이며, 특히 수요압력이 높은 국면에서는 두 변수 간의 양(+)의 관계가 전체 기간 대비 더욱 강화되는 것으로 확인되었습니다. 이는 경기민감물가가 수요압력에 따른 물가 움직임을 보다 명확하게 포착할 수 있음을 의미합니다.","팬데믹 이후에는 여행·숙박·음식 등 개인서비스가 근원물가 상승을 주도
                        [그림 10] 지출목적별 근원물가 상승률 히트맵 1)
 주: 1) 01.1월~26.7월중 평균 및 표준편차로 표준화, 빨간색이 진할수록 상승률이 높으며, 파란색이 진할수록 상승률이 낮음
    2) 숙박서비스, 단체여행, 3) 가정용 기기, 운송장비, 전화 및 팩스장비, 음향, 영상, 사진 및 정보처리장비
자료: 국가데이터처, 저자 시산
11. 종합하면, 수요주도 高근원물가기에는 가계의 소비여력 확충에 따른 소비 호조와
함께 비용상승분의 가격 전가가 확대되고, 가격 인상이 보다 광범위한 품목으로 확산
되는 특징이 나타났다. 최근에는 여행 숙박 음식 등 경기상황에 민감하고 동조성이
                                     ·     ·
높은 개인서비스가 근원물가 상승을 주도하고 있어 과거에 비해 물가상승이 광범위           ,
하게 확산될 가능성이 있다             .
Ⅲ. 수요주도 물가압력이 근원물가에 미치는 영향
Ⅲ-1 추정방법
12. 수요주도 물가압력이 근원물가에 미치는 영향은 GDP갭률과 물가상승률 간의 관계
를 나타내는 필립스곡선을 이용하여 추정하였다.다만 전체 근원물가는 시기별로 가
격상승을 주도하는 품목의 구성이 달라질 수 있어 단순히 갭률과의 관계를 살                           GDP
펴보는 것만으로는 수요압력의 영향을 식별하는 데 한계가 있다 이에 본고에서는                                 .
경기변동에 민감하게 반응하는 경기민감물가 를 산출하고 이를 통해 수요압력과
                               ‘               13)’                  ,
물가 간의 관계를 보다 명확하게 살펴보았다                        .14)
13. 경기민감물가는 경기상황의 변화가 가격에 상대적으로 뚜렷하게 반영되는 품목으
로 구성되며 수요압력이 물가에 미치는 영향을 보다 직접적으로 포착할 수 있다.                                        본고
에서는   Fröhling   and   Lommatzsch(2011),   Ehrmann        et   al.(2018)   등의 방법론을 참고
13) 경기민감물가 추정방법은 <참고 4>를 참조하기 바란다.
14) GDP갭률과 근원물가의 관계도 직접적인 추정으로써 분석의 강건성을 점검하였다.
                                                                                    37|하여 경기민감물가를 산출하였다 구체적으로 관리제외 근원물가 구성품목 가운데
                                     .
경기변수를 모형에 포함할 경우 해당 품목의 물가 예측력이 유의하게 개선되는 품
목을 경기민감품목으로 식별하고 이들 품목의 물가지수를 가중평균하여 경기민
                                     [표 2]
                                         ,
감물가를 구성하였다 이러한 방식은 시기별 근원물가 상승품목 구성 변화의 영향
                     .
을 줄이는 한편 경기변동에 따른 수요압력에 민감하게 반응하는 가격 움직임을 선
                 ,
별해 볼 수 있다는 장점이 있다 실제로 경기민감물가는 전체 근원물가보다 갭
                                 .                                                             GDP
률과 더 밀접한 관계를 보였다     경기민감물가와 갭률 간 상관관계는 근원
                             .
                                 [그림 11]
                                                                GDP
물가와 갭률 간 상관관계보다 높게 나타났으며 특히 수요압력이 높은 국면에서는
         GDP                                             ,
두 변수 간 양 의 관계가 전체 기간에 비해 더욱 강화되는 모습이 확인되었다
               (+)                                                                             .
                                                                                                [그림 12]
GDP갭률과의 상관관계는 경기민감물가가 근원물가를 상회
  [그림 11] 경기민감물가 및 근원물가 상승률 1)2)                             [표 2] 주요 경기민감품목 1)2)
                                                                                             기타
                                                  외식         외식제외      내구재       섬유제품
                                                                                            공업제품
                                                9개, [50.3] 34개, [95.6]18개, [25.5] 5개, [9.8] 28개, [29.0]
                                                 구내식당  공동주택
                                                            휴대전화기                  티셔츠      주택수선재료
                                                  식사비  관리비
                                                  생선회  학원비    침대                    침구      반려동물용품
                                                  커피  운동학원비  싱크대                   원피스        가방
                                                 쇠고기 승용차임차료 보일러                              세탁세제
                                                      호텔숙박료   장롱                             레저용품
 주: 1) 음영은 수요주도 高근원물가기                          주: 1) 10년 이상 경기민감품목으로 분류된 품목
    2) GDP갭률은 HP필터로 추출                             2) [ ]는 천분비 가중치
자료: 한국은행, 국가데이터처, 저자 추정                        자료: 한국은행, 국가데이터처, 저자 추정
 수요압력이 높은 시기에는 경기민감물가와 GDP갭률의 상관관계가 전체기간을 상회
                           [그림 12] GDP갭률 1)과 물가상승률
               <근원물가 2)>                     <경기민감물가>                      <경기비민감물가>
     전
     기
     간
     高
     수
     요
     압
     력
     국
     면
 주: 1) GDP갭률은 HP필터로 추출, 2) 관리제외 근원물가
자료: 저자 추정
38",
"GDI 갭, GDP 갭, 교역조건 갭으로부터의 수요 충격이 핵심 인플레이션 동학에 어떻게 차별적으로 영향을 미치는가?","한국은행 경제전망보고서(2026.8월)의 분석에 따르면, **GDI 갭, GDP 갭, 교역조건 갭**에서 비롯된 수요 충격은 핵심(근원) 인플레이션에 다음과 같이 차별적인 크기와 시차 동학으로 영향을 미칩니다.

---

### 1. 충격의 크기: GDI 기반 충격 > GDP 기반 충격
* **GDI 수요 충격의 더 큰 물가상승 압력**: 상태의존적 국소투영모형(Local Projection) 분석 결과, 수요압력이 높은 국면에서 **GDI 기반 수요충격(1표준편차)은 근원물가 상승률을 최대 약 0.7%p** 높이는 것으로 분석되어, **GDP 기반 충격의 최대 수준(약 0.6%p)에 비해 약 1.2배가량 크게** 나타납니다.
* **GDP 갭 외 추가적 수요압력**: 교역조건 개선이 생산활동(GDP)뿐 아니라 실질소득(GDI)과 구매력 확대를 통해 소비를 늘림으로써, GDP 갭만으로는 충분히 포착되지 않는 추가적인 수요압력을 발생시킵니다.
  * 구체적으로 **GDP 갭률이 1%p 확대될 때 근원물가 상승률은 약 0.1~0.4%p** 높아지며, 교역조건 개선에 따른 **GDI 충격이 발생할 경우 약 0.05~0.2%p의 추가적인 상방압력**이 더해지는 것으로 추정됩니다.

---

### 2. 교역조건 갭의 구성 요인: 수출가격 상승 > 수입가격 하락
* **수출가격 주도 충격의 우위**: 교역조건 갭(개선) 충격을 분해했을 때, **수입가격 하락 충격보다 수출가격 상승 충격이 근원물가에 전체 기간에 걸쳐 더 크고 통계적으로 유의한 상방압력**을 미쳤습니다.
* **원인**: 교역조건 개선은 소득 증대(상방요인)와 환율·수입비용 하락(하방요인)이 혼재하는데, 수출가격 상승으로 교역조건이 개선된 시기에는 수입가격 하락 주도 시기보다 국내 소득 증가가 소비 확대로 더욱 유의하게 연결되기 때문입니다.

---

### 3. 시차 동학: GDI의 낮은 동행성과 1~2분기 시차 파급
* **동행성과 시차의 차이**: GDP 충격에 비해 **GDI는 근원물가와의 당기 동행성이 다소 낮게** 나타납니다.
* **저축 후 시차 소비 파급**: 가계·기업이 교역조건 개선에 따른 소득 증가를 즉각 소비하기보다 일시적으로 저축 및 기업 유보금 등으로 축적함에 따라, **당기에는 초과저축이 확대된 후 1~2분기의 시차를 두고 소비와 투자가 늘어나면서 근원물가 상방압력으로 작용**합니다.
* 이에 따라 GDI 충격이 실제 근원물가로 전가되는 속도와 강도는 늘어난 소득이 저축이나 수입소비에 머무르지 않고 국내 민간소비로 얼마나 파급되는지에 달려 있습니다.","# 답변

본 분석은 베이지안 VAR(BVAR) 모형과 국소투영법을 활용하여 GDI 갭, GDP 갭, 교역조건 갭으로부터의 수요충격이 근원물가에 미치는 동태적 영향을 추정하였습니다.

**분석 방법:**
- 1단계에서 부호제약 방식으로 BVAR(4) 모형을 식별하여 각 갭별 수요충격을 추출(2001.1/4분기~2026.1/4분기)
- 2단계에서 Jordà(2005)의 국소투영법으로 식별된 충격이 근원물가상승률에 미치는 동태적 영향을 추정
- 수요압력 수준(고/저)에 따른 비대칭성도 함께 분석

**핵심 특징:**
각 수요충격은 해당 갭, 근원물가상승률, 콜금리가 모두 상승하는 방향으로 식별되었으며, 유가 및 환율 갭을 통제변수로 활용하여 차별적 영향을 분석하였습니다. 이를 통해 GDI, GDP, 교역조건 등 서로 다른 수요 요인이 근원물가에 미치는 구체적인 파급 경로와 크기의 차이를 파악할 수 있습니다.","참고 7    GDI 및 교역조건 관련 수요충격의 동태적 물가반응 분석
□ <참고 6>의 모형과 유사하게 1단계로 베이지안 VAR(BVAR) 모형을 부호제약 방식으로
  식별하여 GDI, GDP, 교역조건, 수출/수입가격 관련 수요충격을 추출하고, 2단계로 국소투
  영법을 활용하여 식별된 충격이 근원물가에 미치는 동태적 영향을 추정하였다.
                         
 ㅇ (1단계)  관련 수요충격( 
                            )은 [   , 근원물가상승률(전기비연율), 콜금리]의 3
    변수 BVAR(4)을 추정하여 식별하는데, 는 GDI갭, GDP갭, 교역조건갭, 수출가격갭, 수
    입가격갭*으로 구성되고, 이에 대한 각각의 수요충격을 추출하였다. 예를 들어 GDI 기
    반 수요충격은 [  갭 , 근원물가상승률, 콜금리]에서 추출하였다.
   * 수입가격 하락인 경우를 고려하여 부호를 반대로 바꾸어 분석하였고, 모든 갭은 HP필터로 추정
   ￭   , 근원물가상승률, 콜금리가 모두 상승하는 방향의 충격이 추출되도록 부호제약을
       설정하였고, 추정기간은 2001.1/4분기~2026.1/4분기이다.
 ㅇ (2단계) Jordà(2005)의 국소투영법(Local Projection)을 활용하여 아래와 같은 회귀식을
    추정하였다.
                                                         
                                           
                                     
                                      ′ 
                                                        
                                                                      ,
                                 
                             
                                     
                                             ,       콜금리 유가 환율 ′
   ￭  는 통제변수인데, 유가 및 환율도 HP필터를 통해 갭을 구하여 통제변수로 활용하였다.
 ㅇ (비대칭성) 수요압력이 높은 상황과 낮은 상황의 차이에 따른 물가 반응의 비대칭성을
    살펴보기 위해 아래와 같은 회귀식을 추정하였다.
                                                                              
                                                         
           
                                       
                                                                    ′ 
                                                                             
                                                                                              
   ￭ 수요압력 국면을 나타내는  는 4분기 이동평균 GDP갭이 0보다 큰 시기에 대해 1로,
       그 국면이 아닌 시기를 0으로 두었고,      로 정의하였다. 표준오차는
       Newey-West HAC 표준오차를 사용하였다.
                                                                                                            49|참고문헌
이종웅 김다애 한진수
         ,     이번 교역조건 개선은 왜 다른가 반도체 경기 호조의 실물경
                         ,               (2026),     “                                                       :
  제 파급영향    이슈노트 제   호        ”, BOK                      ,     2026-16        .
Ahn,     J.,   C.    Park,        and    C.   Park       (2017),    ""Pass-Through        of   Imported             Input     Prices      to    Domestic
        Producer         Prices:        Evidence         from     Sector-Level       Data,""    The      B.E.       Journal    of   Macroeconomics,
        17(2), 1-14.
Banbura, M., D. Giannone, and L. Reichlin (2010), “Large Bayesian Vector Auto Regressions,”
        Journal of Applied Econometrics, 25, 71-92.
BIS (2022), “Inflation: A Look under the Hood,” BIS Annual Economic Report, 41-73.
de Soyres, F., A. Pradhan, and Z. Saijid (2026), ""Is the Inflation Process in Advanced Economi
        es Different After the Pandemic?,"" FEDS Notes, Board of Governors of the Federal Reserve S
        ystem.
Ehrmann,           M.,       G.   Ferrucci,     M.        Lenza,        and    D.    O’Brien    (2018),           ""Measures        of     Underlying
        Inflation for the Euro Area,"" ECB Economic Bulletin, 4, 94                                  –   115.
Fröhling,         A.,   and       K.   Lommatzsch             (2011),   ""Output       Sensitivity       of       Inflation   in    the    Euro       Area:
        Indirect        Evidence        from    Disaggregated              Consumer      Prices,""       Deutsche Bundesbank Discussion
        Paper, Series 1: Economic Studies, 25/2011.
Galí,    J.,      and    M.       Gertler     (1999),         ""Inflation   Dynamics:       A    Structural            Econometric             Analysis,""
        Journal of Monetary Economics, 44(2), 195                          –  222.
Hansen, B. (2000), “Sample Splitting and Threshold Estimation,” Econometrica, 68(3), 575-603.
Jordà,       Ò.     (2005),       ""Estimation        and        Inference      of    Impulse    Responses             by     Local       Projections,""
        American Economic Review, 95(1), 161                        –   182.
Pesaran,          H.,    and       Y.    Shin      (1998),         “Generalized        Impulse       Response              Analysis           in    Linear
        Multivariate Models,” Economics Letters, 58, 17-29.
Woodford,           M.       (2003),    “Interest        and     Prices:    Foundations        of   a    Theory         of    Monetary             Policy,”
        Princeton University Press.
50",
근원물가 2.5% 임계치 초과 시 품목 간 동조성 강화 메커니즘과 광범위한 물가확산의 연관성은?,"한국은행 경제전망보고서(2026.8월)에 수록된 분석 결과에 따른 **근원물가 2.5% 임계치 초과 시 품목 간 동조성 강화 메커니즘과 광범위한 물가확산의 연관성**은 다음과 같습니다.

---

### 1. 2.5% 임계치 초과 시 품목 간 동조성 강화 메커니즘
* **비선형적 동조성 급증**: 근원물가 상승률이 1%대 초중반에서 한 차례 높아진 뒤, **2.5% 내외(임계수준 대체로 2.5~2.8% 구간)**를 넘어서면 개별 품목 간 가격 움직임의 동조성(similarity index)이 급격히 강화됩니다.
  * *임계치 검정 회귀분석 결과, 임계치를 2.5%로 설정했을 때 계수($\beta_2$)가 1% 수준에서 통계적으로 유의하였으며, Grid search 결과 2.8%에서 F값이 가장 높게 나타남(각주 11).*
* **개별적 품목의 소멸**: 근원물가 상승률이 2.5%를 상회하는 국면에서는 다른 품목과 동조하지 않고 독자적으로 움직이는 품목 관측치가 거의 존재하지 않습니다.
* **개인서비스 중심 동조화**: 특히 경기상황에 민감한 **개인서비스 품목(여행·숙박·음식 등)** 간 가격 동조성이 가파르게 높아지는 모습이 두드러집니다.

---

### 2. 광범위한 물가확산과의 연관성
* **가격 인상의 확산 용이성**: 高수요압력 국면에서는 기업들이 상대적으로 용이하게 가격을 인상할 수 있어, 다양한 물가확산지수(diffusion index)가 높은 수준을 나타냅니다.
* **일부 품목 국한 탈피 및 전반적 상방압력 강화**: 근원물가 상승률이 2.5%를 초과하여 품목 간 동조성이 강화된다는 것은 **""물가상승이 개별 품목에 국한되지 않고 보다 광범위한 품목으로 함께 인상되는 경향이 심화됨""**을 의미합니다.
* **시사점**: 최근 근원물가 상승세를 주도하는 여행·숙박·음식 등 개인서비스는 동조성이 높은 품목군이므로, 근원물가가 2%대 중반(2.5% 내외)에 진입한 상황에서는 가격 상승세가 여타 품목으로 빠르게 번져 **근원물가 전반의 상방 압력이 한층 확대·고착화될 위험**이 커집니다.","# 근원물가 2.5% 임계치 초과 시 품목 간 동조성과 물가확산의 연관성

근원물가 상승률이 **2.5% 근방을 상회하면 물가의 품목 간 동조성이 급격히 상승**하며, 이는 광범위한 물가확산으로 이어집니다.

## 메커니즘

**수요측 압력 국면에서의 가격조정 확산:**
- 근원물가 상승률이 2% 대 중후반을 넘어서면 기업들이 상대적으로 용이하게 가격을 인상할 수 있게 되어, 개별 품목들의 가격 움직임에서 **동조성이 심화**됩니다.

**비선형적 임계효과:**
- 통계적 검정 결과, 근원물가 상승률이 **2.5~2.8% 구간**에서 품목 간 동조성이 유의하게 높아집니다.
- 특히 개인서비스 품목에서 이 특징이 더욱 뚜렷하며, 2.5%를 상회하는 국면에서는 **다른 품목과 동조하지 않고 개별적으로 움직이는 근원물가 품목이 거의 존재하지 않습니다.**

## 광범위한 물가확산과의 연관성

근원물가 상승률이 임계수준을 초과하면 **물가상승이 개별 품목에 국한되지 않고 보다 광범위하게 확산되는 경향이 강화**되어, 다양한 물가확산지수도 높은 수준을 보입니다.","8. (특징 ) 수요측 압력을 바탕으로 가격조정이 보다 광범위한 품목으로 확산되는 경향
이 나타났다.일반적으로 수요압력 국면에서는 기업들이 상대적으로 용이하게 가격
                              高
을 인상할 수 있으며 이에 따라 물가상승도 일부 품목에 국한되지 않고 다양한 품목
                         ,
으로 확산되는 경향을 보인다 실제 과거 우리나라의 물가상승률을 대상으로 다양한
                                  .
방식 의 물가확산지수를 시산한 결과 수요주도 근원물가기에 대체로 높은 수준을
   8)
                                            ,          高
보였다     [그림 7]
        .
 수요주도 高근원물가기에 물가확산지수들이 높아지는 경향
                              [그림 7] 다양한 근원물가 확산지수 추이 1)
 주: 1) 비교를 위해 지수들을 표준화
자료: 저자 시산
9. 이는 高근원물가기에 진입하면, 즉, 근원물가 상승률이 2%대 중반 수준을 넘어서면
개별품목들의 가격 움직임에서 동조성이 심화되기 때문이다.  과거 우리나라 근원물가
자료를 이용하여 개별 구성품목 간 가격 움직임의 동조성 을 살펴본 결과 근원물가                    9)
                                                                            ,
상승률이 대 초중반에서 동조성이 한 차례 높아진 데 이어
            1%                       내외에서 다시 크                       2.5%
게 강화되는 모습 이 나타났다 특히 개인서비스 품목에서는 이러한 특징이 더
                     [그림 8]           10)
                                            .
욱 뚜렷하였다 즉 근원물가 상승률이
                 .   ,  내외를 넘어서면 개인서비스 품목 간 가   2.5%
격 동조성이 가파르게 높아지는 모습이 관찰되었다    주목할 점은 [그림 8,9]의 붉       [그림 9]
                                                       .
은 음영부분에서 관측치가 거의 나타나지 않는다는 것이다 이는 근원물가 상승률이                      .
   를 상회하는 국면에서는 다른 품목과 동조하지 않고 개별적으로 움직이는 근원물
2.5%
가 품목은 거의 존재하지 않음을 시사한다 이러한 비선형적 관계는 임계수준에 대한      .
통계적 검정을 통해서도 확인되었다 근원물가 상승률을 기준으로 앞서 시산했던 동조
                                      .
8) 다양한 물가확산지수 측정방법에 대한 자세한 설명은 <참고 2>를 참조하기 바란다.
9) 동조성 지수 산출에 사용한 기준 물가는 공식 근원물가가 아닌 근원물가 품목별 상승률의 중윗값(median)이다. 이
   는 BIS(2022)에서도 동일하게 활용하는 방법이다. 또한 공식 근원물가는 기준연도 개편 및 품목 분류 변경 등으로
   시계열의 연속성에 제약이 있어, 산포도 비교(그림8, 9의 x축)에는 품목들의 가중평균을 활용하였다. 실제 공식 근
   원물가 상승률과 품목들의 가중평균 간 상관계수는 0.84로 매우 높은 편으로 나타났다. x축을 공식적인 근원물가
   상승률과 개인서비스 물가 상승률로 각각 설정해도 전반적인 추이는 유사하게 나타나 강건한 결과로 판단된다. 동
   조성 지수(similarity index)에 대한 자세한 설명은 <참고 3>을 참조하기 바란다.
10) 高근원물가기에 품목 간 동조성이 심화되는 현상은 수요측 압력뿐 아니라 공급측 압력으로 물가가 높아지는 시
    기에도 나타날 수 있다는 점에 유의할 필요가 있다.
                                                                                35|성 지수 변화를 추정한 결과 근원물가 상승률이 대 중후반을 넘어서면 품목 간 동
                                 ,                     2%
조성이 유의하게 높아지는 것으로 나타났다 이는 근원물가 상승률이 일정 수준을 넘   .11)
어서는 경우 물가상승이 개별 품목에 국한되지 않고 보다 광범위하게 확산되는 경향이
강화될 수 있음을 의미한다               .
근원물가 상승률이 2.5% 근방을 상회하면 물가의 품목 간 동조성이 급격히 상승
[그림 8] 근원물가와 전체 근원물가 구성 품목 간 동조성1)2) [그림 9] 근원물가와 개인서비스 품목 간 동조성1)2)
 주: 1) 커널회귀 잔차 기반으로 표준화한 뒤, 그 값이 1.8이상(10개 내외 제외)은 이상치로 판별하여 제외
    2) 붉은 원은 추세선의 기울기가 바뀌는 지점
    3) ‘추세선 1’은 커널회귀를 통해 산출, 4) ‘추세선 2’는 추세선 1에서 볼록성 제약을 추가
자료: 저자 추정
10. (특징 ) 근원물가 상승을 주도하는 품목의 경우, 팬데믹 회복기 ④기 이후에는 이전
과 달리 경기상황에 민감한 개인서비스의 비중이 크게 확대되었다.글로벌 금융위기
이전에는 집세와 교육서비스 등 정부정책이나 제도적 요인의 영향을 상대적으로 크
게 받는 품목들이 근원물가 상승을 주도한 반면 이후에는 여행 숙박 음식 서비스                 ,                 ·   ·
등 개인서비스의 기여도가 높아지는 모습을 보였다    구체적으로 카드사태 이전             .
                                                            [그림 10]
에는 사교육 시장 급성장 및 대학 등록금 상승 주택시장 호황 등의 영향으로 교
                                                                                               ①기
                                                      12)
                                                        ,
육비와 집세가 크게 올랐다 글로벌 금융위기 직전 에는 경기 확장에 따른 소득여
                                 .
건 개선이 사교육을 중심으로 한 교육비 지출 증가로 이어지면서 교육서비스가 근
                                                                ②기
원물가 상승에 크게 기여하였다 금융위기 회복기 에는 전세가격 상승이 근원물가
                                     .
에 주된 영향을 미친 가운데 음식 등 일부 개인서비스의 기여도도 확대되었다 반
                                                            ③기
                                                                                           .
면 팬데믹 회복기 에는 팬데믹 충격 이후 소비 회복이 보다 광범위하게 나타났다                                                        .
초기에는 전자기기 등 일부 내구재를 중심으로 펜트업 소비가 나타나면서 관련 품
                   ④기
목의 가격이 큰 폭으로 상승하였으며 이후 사회적 거리두기가 해제되면서 여행 숙
                                          ,                                                    ·
박 음식 서비스 등 개인서비스에 대한 수요도 빠르게 확대되었다 이에 따라 근원물
     ·                                                                    .
가 상승세가 재화에서 서비스로 확산되는 모습이 나타났다                                        .
11) 회귀식          max      ( : 동조성 지수,  :근원물가 상승률, :임계치)에서 임계치를 2.5%로
    설정하여   값의 유의성을 검정한 결과 1% 수준에서 통계적으로 유의하게 나타났다. 또한 Hansen(2000) 방법론
    에 따라 임계치를 사전에 설정하지 않고 Grid search를 통해 추정한 결과 2.8%에서 F값이 가장 높게 나타나 임
    계수준은 대체로 2.5~2.8% 구간에 위치하는 것으로 분석되었다.
12) 사교육비 규모가 11조원(2001년)에서 13.6조원(2003년)으로 22.8% 상승하였고(한국교육개발원), 대학등록금 상승
    률은 2002년 7%로 장기평균 2.4%(2001~2025년 평균)를 크게 상회하였다.
36",
2000년 이후 수요 주도형 고(高)코어인플레이션 4개 시기의 GDP 갭률과 코어인플레이션 동학이 어떻게 다른가?,"한국은행 경제전망보고서(2026년 8월, 이슈분석 「수요주도 물가압력이 근원물가에 미치는 영향」)에 따르면, 2000년 이후 **‘수요주도 高근원물가기(고 코어인플레이션기)’**는 **GDP갭률이 양(+)의 값을 유지(高수요압력 국면)**하면서 **근원물가 상승률이 2분기 이상 2.5%를 지속 상회(高근원물가 국면)**한 시기로 정의되며, 총 4개 시기로 구분됩니다.

각 시기의 **GDP 갭률 여건**과 **근원물가(코어인플레이션) 동학**은 다음과 같은 차이를 보입니다.

---

### **1. 4개 시기 구분**
1. **①기: 카드사태 이전 (02.1/4 ~ 02.4/4분기)**
2. **②기: 글로벌 금융위기 직전 (07.2/4 ~ 08.3/4분기)**
3. **③기: 금융위기 회복기 (11.2/4 ~ 11.4/4분기)**
4. **④기: 팬데믹 충격 회복기 (22.1/4 ~ 24.1/4분기)**

---

### **2. GDP 갭률 및 수요 여건의 차이**
* **1~3기 (전형적 수요주도 국면):** 
  * 경기 확장 및 가계 소비여력 개선에 따라 GDP갭률이 양(+)의 값을 유지하며 수요측 압력이 물가 상승을 견인했습니다.
* **4기 (공급충격 선행 및 펜트업 수요 결합 국면):** 
  * 1~3기와 달리 글로벌 공급망 차질과 에너지가격 급등 등 **공급충격이 수요압력보다 먼저 발생**했습니다.
  * 사회적 거리두기로 누적된 대규모 초과저축이 강한 펜트업(pent-up) 소비로 실현되었으며, 물가상승의 성격이 유사하여 **일부 마이너스(-) GDP갭률 구간도 포함**되었습니다. 
  * 低수요 국면에서 전가되지 못하고 누적되었던 비용압력이 급격한 수요 회복을 바탕으로 가격에 전가되면서 **근원물가 상승폭이 과거보다 더욱 크게** 나타났습니다.

---

### **3. 코어인플레이션(근원물가) 동학 및 주도 품목의 차이**
* **글로벌 금융위기 이전 (①기·②기) — 제도·정책 영향 품목 중심:**
  * 집세 및 교육서비스 등 정부 정책이나 제도적 요인의 영향을 받는 품목이 상승을 주도했습니다.
  * **①기 (카드사태 이전):** 주택시장 호황과 함께 사교육 시장 급성장 및 대학등록금 상승(2002년 7%로 장기평균 2.4%를 크게 상회)으로 **교육비와 집세**가 크게 상승했습니다.
  * **②기 (금융위기 직전):** 경기 확장에 따른 소득여건 개선이 사교육비 지출 확대로 이어져 **교육서비스**가 물가 상승에 크게 기여했습니다.
* **금융위기 회복기 (③기) — 주거비 중심 및 일부 서비스 확산:**
  * **전세가격 상승**이 근원물가에 주된 영향을 미친 가운데, **음식 등 일부 개인서비스**의 기여도가 점차 확대되기 시작했습니다.
* **팬데믹 회복기 (④기) — 재화에서 개인서비스로 확산:**
  * 이전 시기들과 달리 경기상황에 민감한 **개인서비스(여행·숙박·음식서비스 등)의 비중이 크게 확대**되었습니다.
  * **동학 흐름:** 초기에는 전자기기 등 일부 내구재 중심의 펜트업 소비로 관련 품목 가격이 급등한 후, 사회적 거리두기 해제 이후 여행·숙박·음식 등 개인서비스 수요가 빠르게 확대되어 **근원물가 상승세가 ‘재화에서 서비스’로 확산**되는 양상을 보였습니다.","# 2000년 이후 수요주도 高근원물가기의 GDP 갭률과 근원물가 동학

2000년 이후 수요주도 高근원물가기는 **네 차례** 발생했으며, 각 시기별 특징은 다음과 같습니다:

## 4개 시기의 구분
- **①기**: 02.1/4~02.4/4분기 (카드사태 이전)
- **②기**: 07.2/4~08.3/4분기 (글로벌 금융위기 직전)
- **③기**: 11.2/4~11.4/4분기 (금융위기 회복기)
- **④기**: 22.1/4~24.1/4분기 (팬데믹 충격 회복기)

## GDP 갭률과 근원물가의 관계

수요주도 高근원물가기는 **GDP 갭률이 양(+)의 값을 유지하면서 근원물가 상승률이 2분기 이상 2.5%를 지속적으로 상회**하는 시기로 정의됩니다. 다만 **④기의 경우 공급망 차질과 에너지 가격 급등의 영향을 받았으나, 팬데믹 이후 강한 펜트업 수요 발생**으로 인해 일부 마이너스 갭률 구간도 포함됩니다.

## 주요 동학적 차이

각 시기 모두 **임금 및 자산가격 상승 → 가계 소비여력 확충 → 근원물가 상승**의 공통적 메커니즘을 보였으나, ④기는 추가적으로 **초과저축의 펜트업 수요 실현**이 소비 호조를 강화했습니다.","GDP  갭률을 산출하였다 아울러 갭률이 양 의 값을 나타내는 시기를 수요
                                      .                    GDP              (+)                                       ‘高
압력 국면 음 의 값을 나타내는 시기를 수요압력 국면 으로 구분하였다
              ’,       (-)                                           ‘低                   ’                          .5)
4. 2000년 이후 수요주도 高근원물가기는 네 차례  가 있었다. 본고에서는   갭률이                          [그림 1]
                                                                                                             GDP
양 의 값을 유지하면서
 (+)                            근원물가 상승률이 분기 이상                                                              2
     를 지속적으로 상회하는                 시기를 수요주도 근원물가
                                           수요측         압력   확대,   高수요압력         국면
2.5%                                                                                          ‘               高
기 로 정의 하였다 이에 따르면 년 이후 수요주도 근원물가기는 카드사태
                                               근원물가 높은 상승세, 高근원물가 국면
               [표 1]                                                                                             ①
 ’                               .                           2000                         高
                          ②                                                     ③                                     ④
이전           글로벌 금융위기 직전
      02.1/4~02.4/4분기,         금융위기 회복기       팬데믹            07.2/4~08.3/4분기,                     11.2/4~11.4/4분기,
충격 회복기         의 네 차례로 구분된다 4기의 경우 공급망 차질과 에너지 가격                      .
급등의 영향도 받았으나 팬데믹 이후 강한 펜트업 수요가 발생했다는 점에서 수요주도
                   22.1/4~24.1/4분기
高  근원물가기로 분류할 수 있다                                     .
 2000년 이후 수요주도 高근원물가기는 네 차례
          [표 1] 물가 국면의 구분                                                  [그림 1] 수요주도 高근원물가기 1)
                      低수요국면               高수요국면
                       (◯
                        ― GDP갭률)          (◯
                                           + GDP갭률)
 高근원물가기
  (2분기 이상                              수요주도
                             ―
 근원물가 상승률                             高근원물가기
   2.5% 상회)
 低근원물가기                      ―                 ―
     (나머지 기간)
                                                            주: 1) 빨간색 음영은 수요주도 高근원물가기. 4기의 경우 물가상승의
                                                                  성격이 유사한 일부 마이너스갭률 구간도 포함
                                                               2) GDP갭은 HP필터로 추출
                                                           자료: 한국은행, 국가데이터처, 저자 추정
5. 네 차례의 수요주도 高근원물가기 동안 다음과 같은 네 가지 특징을 확인할 수 있다.
                                   이들 시기에는 공
6. (특징 ) 가계의 소비여력이 확충되면서 소비가 호조를 나타냈다.
통적으로 민간소비와 국내소비 등 주요 소비지표가 양호한 흐름을 보였다     이                                                                     .
                                                                                                                     [그림 2]
는 근원물가 상승기에 앞서 임금과 자산가격이 크게 오르면서     가계의 소비여                                                  [그림 3]
력이 개선된 데 주로 기인하는 것으로 평가된다 이에 따라 장기평균을 상회하는                                       .
실질구매력 증가 가 시차를 두고 소비확대로 이어지면서 근원물가 상승압력으
                             [그림 4]
로 작용한 것으로 보인다 특히 팬데믹 충격 회복기 에는 이와 더불어 사회적 거리
                                           .
두기 등으로 누적된 대규모 초과저축이 이후 펜트업 수요로 실현되면서 소비 호조
                                                                                     ④기
를 뒷받침한 것으로 판단된다                                    .
5) 다만 본고의 실증분석에서 국소투영모형 등 동태적 분석을 강조하는 일부 모형에서는 국면의 빈번한 전환과 측정
   오차 문제를 완화하기 위해 4분기 이동평균 GDP갭률이 양(+)인 경우를 高수요압력 국면으로 정의하였다.
                                                                                                                              33|수요주도 高근원물가기에는 임금 및 자산가격이 상승한 이후 소비가 개선되는 모습
                                   [그림 3] 주가-근원물가 간
      [그림 2] GDP 소비갭 1)                                    [그림 4] 1인당 실질구매력 1)
                                       시차상관계수 1)
 주: 1) 추세는 HP필터로 추출             주: 1) 전년동기대비 상승률 간 상관계수, 주: 1) 1인당 명목구매력 (=임금총액 ×
자료: 한국은행, 저자 추정                       근원물가 후행                 취업자수÷총인구)을 CPI로 실질화.
                               자료: 저자 추정                      점선은 장기평균(01~25년) 상승률
                                                        자료: 저자 추정, 고용노동부, 행정안전부
7. (특징 ) 수요측 압력이 높아지면서 비용인상분이 가격에 상대적으로 용이하게 전
가되는 모습이 나타났다.공급충격 이 수요측 압력보다 먼저 발생했던6)
                                        팬데믹 충격 회
복기 의 경우 수요가 빠르게 회복되면서 그간 누적된 비용압력이 가격에 반영되기
               ,
쉬운 여건이 형성되었고 이에 따라 근원물가 상승폭도 더욱 크게 나타났다   기
     ④기
                                                                            [그림 5]
                                                                            .
업들은 경기가 부진한 시기에는 가격인상을 유보하다가 수요측 압력이 높아지면 비
용상승분의 가격전가를 확대하면서 그간의 손실을 보전하는 경향이 있다 오차수정                              .
모형 추정 결과에서도 수요압력 국면에서 가격에 반영되지 못한 비용측 압력이
          7)
                           低
高수요압력 국면에 전가 되는 것으로 나타났다  [그림 6]
                                                   .
수요측 압력이 높은 국면에서는 비용상승 충격의 가격전가가 확대되는 경향
   [그림 5] 수입물가 1) 및 근원물가 상승률   [그림 6] 국면별 미반영 비용압력 전가율 1)
 주: 1) 원화 기준                                주: 1) 근원물가에 반영되지 않은 비용압력의 근원물가에 대한
자료: 한국은행, 국가데이터처                                  단기 계수. 세로 막대선은 90% 신뢰구간
                                               2) 低수요압력 국면 전가율과 高수요압력 국면 전가율
                                                  계수의 합
                                           자료: 저자 추정
6) 팬데믹 이후 국경봉쇄 등으로 글로벌 공급망 병목이 발생하면서 수입물가가 크게 상승하였다.
7) 최종재 가격과 비용변수(국산·수입 중간재 가격, 단위노동비용)간 장기관계식(Ahn et al., 2017)을 통해 미반영된 비
   용압력(잔차)을 추정하고, 단기식으로부터 최종재 가격에 대한 수요압력 국면별 미전가 비용압력의 전가율 차이를
   추정하였다. 모형에 대한 자세한 내용은 <참고 1>을 참조하기 바란다.
34",
"2024년 글로벌 경제성장률에 영향을 미치는 AI 투자 모멘텀, 중동 불확실성, 재정적자 우려가 각각 어떤 수치와 전망으로 반영되어 있으며, 이들이 종합적으로 경제성장 궤적과 위험요인에 어떻게 작용하는가?","본 보고서는 **2026년 8월 한국은행 경제전망보고서**(`docs_2026_08.md`)로, 질문에서 언급된 AI 투자 모멘텀, 중동 불확실성, 재정적자 우려 등은 **2024년이 아닌 금년(2026년) 및 내년(2027년) 세계경제 성장률 전망**의 핵심 전제 및 리스크 요인으로 반영되어 있습니다(2024년은 과거 실적치로만 부록 등에 수록). 

문서에 수록된 수치와 전망 내용을 요약하면 다음과 같습니다.

---

### 1. 주요 요인별 수치 및 전망 반영 내역

* **글로벌 경제성장률 기본 전망**: 
  * 세계경제 성장률: **2025년 3.5% → 2026년 3.0%(5월 전망 대비 +0.1%p 상향) → 2027년 3.2%(+0.1%p 상향)**
  * 세계교역 신장률: **2026년 4.2%(+1.4%p 상향), 2027년 4.0%(+0.8%p 상향)**

#### ① AI 투자 모멘텀
* **수치 및 전제**:
  * 빅테크 기업의 AI 인프라 투자 급증으로 **2026년 1~5월 중 세계 상품교역 성장에서 IT 부문 기여율이 56%(명목 기준)**에 달함.
  * 美 빅테크 CAPEX 전망치 상향(2024년 412억 달러 → 2025년 796억 달러 → 2026년 1,114억 달러).
  * 반도체 수출물량 증가율 전제는 **2026년 10%대 후반, 2027년 10%대 초중반** 수준으로 유지·상향.
* **영향**:
  * **미국 경제**는 AI 투자 호조(2/4분기 투자 전기대비연율 3.0%)와 양호한 소비에 힘입어 잠재수준인 **2%대 초반(2026년 2.2%, 2027년 2.1%)** 성장세를 유지하는 주요 동력으로 작용.
  * 세계경제 및 교역 성장률을 5월 전망 대비 상향 조정하는 핵심 요인(AI 관련 투자·교역 호조 반영)으로 반영됨.

#### ② 중동 불확실성
* **수치 및 전제**:
  * 미·이란 간 협상 불확실성은 지속되나, 하반기 중 호르무즈 해협 통항 일부 재개 및 우회 경로·비중동국을 통한 원유 공급 확대로 공급망 차질 완화 전제.
  * 국제유가(브렌트유): **2026년 하반기 배럴당 84달러(연간 86달러, 5월 전제 93달러 대비 하회), 2027년 74달러(5월 80달러 대비 하회)**로 하향 전제.
* **영향**:
  * 2/4분기 중 각국의 재정지원과 공급망 조정 등으로 에너지 공급 충격에 대응해 예상보다 높은 회복력을 보였으나, 여전히 높은 수준의 유가는 글로벌 인플레이션의 불안 요인으로 상존.

#### ③ 주요국 재정적자 우려 및 재정정책
* **전망 및 리스크 반영**:
  * **미국·유럽·일본 등 주요국의 재정적자 확대와 물가 상승 우려 등에 따른 시장금리 상승**이 글로벌 성장을 제약할 수 있는 위험요인으로 명시.
  * **유로지역**: 국방지출 확대(독일 등) 등 주요국 재정확대에 힘입어 성장하겠으나(2026년 0.8%, 2027년 1.2%), 높은 에너지 가격과 금융여건 긴축 등으로 성장 속도는 완만. 향후 국방·인프라 재정지출 확대는 상방리스크로 평가.
  * **일본**: 확장적 재정정책이 성장을 지지하나, 고유가·임금상승 속 **재정건전성 우려**가 부각되며 국채금리·환율 등 금융시장 변동성이 확대됨.

---

### 2. 경제성장 궤적과 위험요인에 미치는 종합적 작용

1. **경제성장 궤적 (완만한 성장 흐름 속 차별화)**:
   * 세계경제는 중동 리스크가 이어지는 가운데서도 견조한 AI 투자와 교역 호조에 힘입어 **완만한 성장 흐름(2026년 3.0% → 2027년 3.2%)**을 나타낼 전망입니다.
   * 다만, 교역 증가가 AI 관련 품목과 공급망 참여국(미국·대만·한국·일본·아세안 등)에 집중되어 있어, **AI 공급망 참여 정도에 따라 국가별 성장세가 차별화**되는 양상을 보입니다.

2. **상·하방 위험요인 (리스크 요인)**:
   * **상방 리스크**: AI 확산 가속화에 따른 반도체·IT 관련 수출 및 투자 확대, 중동 지역 협상의 진전, 유럽 등의 국방·인프라 재정지출 확대.
   * **하방 리스크**: 빅테크의 AI 투자 수익성 우려에 따른 실물 투자 속도 조정 및 금융시장 변동성 확대, 중동전쟁 악화에 따른 공급망 차질 재발 및 유가 급등, 주요국의 재정적자 확대에 기인한 국채금리·시장금리 상승 및 금융긴축 효과.","# 2024년 글로벌 경제성장에 미치는 주요 요인 분석

## 주요 영향 요인별 전망

**1. AI 투자 모멘텀 (긍정 요인)**
- AI 투자 호조와 인프라 투자 확대가 세계경제의 ""완만한 성장 흐름""을 견인하고 있습니다.
- 글로벌 교역은 ""AI 인프라 투자 및 관련 서비스 교역 호조""로 양호한 증가세가 예상되나, 국가별로는 ""공급망 참여 정도에 따라 성장세가 차별화""될 것으로 전망됩니다.

**2. 중동 불확실성 (위험 요인)**
- 중동지역 불확실성이 ""지속""되고 있으며, 국제유가가 ""높은 수준을 유지""하면서 글로벌 인플레이션의 ""여전한 불안 요인""으로 작용합니다.
- 향후 ""중동지역 협상의 진전 여부""가 상·하방 리스크로 잠재해 있습니다.

**3. 재정적자 우려 (위험 요인)**
- 주요국(미국·유럽·일본)의 ""재정적자 확대, 물가상승 우려 등에 따른 시장금리 상승이 성장을 제약할 가능성""이 제기됩니다.

## 종합 평가
세계경제는 AI 투자와 교역 성장에 힘입어 완만한 성장을 이어가나, 중동 불확실성, AI 투자 수익성 우려, 재정적자로 인한 금리 상승이 상·하방 리스크로 작용할 것으로 예상됩니다.","Ⅰ. 국내외 여건 및 전망
               1. 주요 여건 점검
   목 차
대외여건 ······························································ 2
대내여건 ······························································ 8|1. 주요 여건 점검
대외여건
1-1. 세계경제는 중동지역의 불확실성이 지속되고 있으나 AI 투자 호조, 양호한 교
역 증가세에 힘입어 완만한 성장 흐름을 이어갈 전망이다. 세계경제는 분기중 주요국
                                     2/4
들이 재정지원 공급망 조정 등으로 중동 공급충격에 대응함으로써 예상보다 높은 회
                  ,                                      發
복력을 보였고 인프라 투자도 확대되면서 양호한 성장세를 나타내었다 다만 중
                  ,    AI                                                                                  .        ,
국은 수출 호조에도 소비 투자 등 내수부진이 심화되며 성장세가 다소 둔화되었다
                                   ·                                                                                      .
7월 이후에는 그간 부진했던 유로지역 가 확장국면으로 전환되는 등 주요국 업황          PMI
제조업 서비스업 이 대체로 견조한 흐름을 이어가고 있다 글로벌 물가는 에너지 가격 충                              .
격으로 상승세가 확대되었다가 월 이후 다소 둔화되었으나 중동지역 불확실성으로 국제
       ·    PMI
                                            6
유가가 높은 수준을 유지하고 있는 점은 여전히 글로벌 인플레이션의 불안 요인이다                                                                              .
  앞으로 세계경제는 견조한 투자와 글로벌 교역 성장세 등으로 완만한 성장 흐름을
                                        AI
이어갈 전망이다 그러나 국가별로는 공급망 참여 정도에 따라 성장세가 차별화
                        .                          AI
될 것으로 예상된다 향후 세계경제의 성장경로에는 중동지역 협상의 진전 여부
                              .                                                                                     ,    AI
투자에 대한 수익성 우려 및 이에 따른 투자 조정 가능성 글로벌 금융시장 변동성                                            ,
확대 등이 상 하방 리스크로 잠재해 있다 주요국미국‧유럽‧일본 등의 재정적자 확대 물
                  ·                                          .                                                      ,
가상승 우려 등에 따른 시장금리 상승이 성장을 제약할 가능성도 제기된다                                                                        .
1-2.       세계교역은 중동전쟁에 따른 공급망 차질이 완화되고 AI 인프라 투자 및 관련
                                정부는 임시관세를 대
서비스 교역도 호조를 보이면서 양호한 증가세가 예상된다.1) 美
체하여 국가별    관세조치강제노동 일를 발표하였으며 향후 과잉생산 관세 부과                                        ,
와 관련한 불확실성 요인이 잠재해 있다
                      10~12.5%                  , 7.24
                                                         .
주요국 PMI, 확장국면 지속                                             세계교역, 중동전쟁 충격이 완화되며 양호한 흐름
                                       1)
            [그림 1.1] 주요국 PMI 추이                                        [그림 1.2] 세계상품교역량 및 증감률 1)
                                                                      (전년동월대비, %)                   (2021년=100)
                                                                 12                                                125
                                                                 10                                                120
                                                                 8                                                 115
                                                                 6                                                 110
                                                                 4                                                 105
                                                                 2                                                 100
                                                                 0                                                 95
                                                                 -2                         증감율(좌축)                90
                                                                                            세계상품교역량(우축)
                                                                 -4                                                85
                                                                      23.1       24.1        25.1        26.1 5
 주: 1) 종합 PMI               2) 8월은 속보치                        주: 1) 점선은 2023~2025년중 추세
자료: S&P Global                                               자료: CPB
1) 보다 자세한 내용은 BOX 2 「최근 세계교역의 양호한 흐름과 배경」을 참고하기 바란다.
2",
7월 소비자 물가와 핵심 물가의 상이한 추세가 기저 물가 압력과 부문별 역학을 어떻게 반영하고 있는가?,"한국은행 경제전망보고서(docs_2026_08)에 나타난 **7월 소비자물가와 근원물가(핵심물가)의 상이한 추세** 및 이에 반영된 **부문별 역학**과 **기저 물가 압력**은 다음과 같습니다.

---

### 1. 7월 물가 지표의 상이한 추세
* **소비자물가 상승률(전년동월대비)**: 6월 3.2%에서 **7월 2.8%로 둔화**되었습니다.
* **근원물가 상승률(식료품·에너지 제외)**: 6월 2.5%에서 **7월 2.6%로 소폭 확대**되었습니다.

---

### 2. 부문별 역학
* **소비자물가 둔화 요인 (일시적·공급측 요인)**
  * **석유류**: 석유류 최고가격 인하 조치 등으로 오름폭이 둔화되었습니다.
  * **농축수산물**: 일부 농산물의 출하 증가와 정부의 물가안정대책 등에 힘입어 상승률이 낮아졌습니다.
* **근원물가 상승 요인 (수요 및 비용전가 요인)**
  * **서비스 부문**: 여행 관련 서비스 가격이 높은 수준을 지속하였습니다.
  * **내구재 부문**: 반도체 가격 상승 등 비용 충격의 전이 영향으로 IT기기, 전기자동차 등 내구재 가격의 오름폭이 확대되었습니다.

---

### 3. 기저 물가 압력의 반영
* **일시적 요인 배제와 기저 압력 지속**: 소비자물가는 유가 하락 및 정부 정책(석유류 최고가격제, 농산물 대책) 등 공급·제도적 요인으로 오름세가 둔화되었으나, 이러한 일시적 충격을 제외한 **근원물가는 2.6%로 오히려 확대**되어 기저의 물가 압력이 여전히 견조함을 보여줍니다.
* **비용 전가 및 수요압력 확대**: 경기 개선에 따른 수요 압력과 반도체 등 비용 상승분의 가격 전가가 내구재와 개인서비스를 중심으로 나타나고 있습니다.
* **물가 확산 및 기대인플레이션**: 보고서의 분석에 따르면 근원물가 상승률이 2.5% 수준을 상회할 경우 품목 간 가격상승 동조성이 급격히 높아져 물가 압력이 광범위하게 확산되는 특징이 있으며, **일반인 기대인플레이션(향후 1년)도 2%대 중후반 수준**을 유지하며 기저의 상방 압력을 뒷받침하고 있습니다.","# 7월 소비자물가와 근원물가의 상이한 추세 분석

## 소비자물가 vs 근원물가 추세

**소비자물가 상승률**: 전월 3.2%에서 **2.8%로 둔화**
**근원물가 상승률**: 전월 2.5%에서 **2.6%로 확대**

## 기저 물가 압력 반영

근원물가(식료품·에너지 제외)의 상승세 확대는 **구조적 물가 압력**을 나타냅니다:
- 여행관련 서비스가격이 높은 수준 지속
- IT 기기, 전기자동차 등 내구재 가격 오름폭 확대

## 부문별 역학

**소비자물가 둔화 요인**:
- 석유류가격 인하로 오름폭 둔화
- 농축수산물 가격 상승률 저하 (정부 물가안정 대책 효과)

**근원물가 확대 요인**:
- 비용충격의 지속적 전이
- 경기개선에 따른 수요 압력 확대
- 서비스 및 내구재 중심의 수요측 물가 압력

이는 **에너지 가격 변동성에는 둔화되는 반면, 수요 기반의 구조적 물가 압력은 심화**되고 있음을 의미합니다.","물가
2-10.         소비자물가 상승률은 7월중 전월 3.2%, 전년동월대비보다 낮아진 2.8%를 나타낸 반면
                              석유류가격은 석유류 최고
근원물가 상승률은 2.6%로 오름세가 소폭 확대 6월 2.5%되었다.
가격이 인하되면서 오름폭이 둔화되었으며 농축수산물 가격도 일부 농산물 출하                                      ,
증가와 정부 물가안정 대책 등으로 상승률이 낮아졌다 근원물가식료품 에너지 제외는 여행                                                    .
관련 서비스가격이 높은 수준을 지속하는 가운데 기기 전기자동차 등 내구재 가격
                                                                                                                         ·
                                                                                              IT        ,
오름폭이 확대되면서 전월 보다 소폭 높은    상승하였다 일반인 기대인플레이션     2.5%                               2.6%                       .
향후 1년 은           2%대 중후반 수준을 나타내고 있다.
소비자물가 상승률 둔화, 근원물가 상승률 오름세 확대
         [그림 2.20] 소비자물가 및 근원물가                                                        [그림 2.21] 월별 상승률 기여도 차이 분해
       (전년동월대비, %)                             (전년동월대비, %)
 8                                                                       8
                                                 소비자물가
              6.3
                                                 근원물가
 6                                                                       6
 4                  4.2                                                  4
                                                                   2.8
 2                                                                 2.6 2
 0                                                                       0
     22.1     7      23.1   7    24.1   7      25.1    7    26.1     7
자료: 국가데이터처                                                                     주: 1) 근원품목 제외
                                                                              자료: 국가데이터처, 조사국
7월 소비자물가, 석유류 중심으로 오름폭 둔화
       [그림 2.22] 소비자물가 상승률 및 기여도                                                        [그림 2.23] 근원물가 상승률 및 기여도
        (전년동월대비, %, %p) (전년동월대비, %, %p)                                                (전년동월대비, %, %p)            (전년동월대비, %, %p)
  6                                  1) 6                                          6                                                         6
                  근원    1)
                             농축수산물                                                            개인서비스           공공서비스              집세
                  가공식품       석유류                                                              상품              근원
  4               전기·가스·난방   소비자물가      4                                          4                                                         4
  2                                                                      2         2                                                         2
  0                                                                      0         0                                                         0
  -2                                                                     -2    -2                                                            -2
       23.1         7     24.1    7     25.1      7        26.1     7                  23.1    7       24.1   7   25.1       7    26.1   7
 주: 1) 근원품목 제외                                                                자료: 국가데이터처, 조사국
자료: 국가데이터처, 조사국
                                                                                                                                                  21|2-11. 소비자물가는 금년중 비용충격의 전이가 지속되고 경기개선으로 수요압력이
점차 확대됨에 따라 2.7%5월 전망 유지 상승할 것으로 예상된다. 근원물가도 2.5%5월 전망
대비 +0.1%p의             석유류가격은 여전히 중동상황의 불확실
                높은 상승률을 나타낼 전망이다.
성이 높지만 연말경부터 둔화 흐름을 나타낼 것으로 보인다 농축수산물 가격은 폭염               .
등으로 단기적으로 상방압력을 받겠으나 정부정책이 이를 상당 부분 완충할 것으로
판단된다 근원물가는 비용충격의 전이 수요압력 확대 등으로 높은 상승세를 지속하
            .                         ,
겠으며 특히 내구재는 반도체 가격 상승의 영향으로 오름폭이 확대될 전망이다 내
        ,                                                                        .
년 소비자물가 상승률은 국제유가 흐름이 하방요인으로 작용하면서 2.3%로 낮아질 것
으로 예상된다. 반면 근원물가는 비용충격의 전이효과는 점차 완화되겠으나 수요측 물
가압력이 확대됨에 따라 높은 상승세 2.5%를 지속할 전망이다.
소비자물가는 유가하락 영향으로 둔화 흐름, 근원물가는 높은 오름세 지속 전망
        [그림 2.24] 소비자물가 상승률 전망                    [그림 2.25] 근원물가 상승률 전망
자료: 국가데이터처, 조사국                           자료: 국가데이터처, 조사국
                                 <물가 전망1)>
                                                                      (전년동기대비, %)
                      2025                2026                       2027e)
                      연간      상반          하반 e)    연간 e)       상반    하반       연간
                       2.1     2.5         2.8      2.7        2.3    2.2      2.3
 소비자물가 상승률
                              <2.5>       <3.0>   <2.7>    <2.4>     <2.1>    <2.3>
                       1.9     2.3         2.8      2.5        2.6    2.4      2.5
     • 근원물가2)
                              <2.3>       <2.6>   <2.4>    <2.4>     <2.2>    <2.3>
 주: 1) < >내는 2026.5월 전망 기준   2) 식료품·에너지 제외 기준                    자료: 국가데이터처, 조사국
22",
"2010년 1분기부터 2026년 2분기까지 한국의 최종재 가격에서 생산비용(국내/수입 중간재, 단위노동비용)으로부터의 미반영 비용 압력의 파급률이 GDP 갭 더미로 정의된 수요 압력이 낮은 시기와 높은 시기 사이에 어떻게 다른가?","한국은행 경제전망보고서(2026년 8월, 본문 제34쪽 및 <참고 1> 제43쪽)에 수록된 분석 결과는 다음과 같습니다.

### 1. 분석 모형 및 설정 (<참고 1> 수요압력 국면별 비용압력 전가율 추정방법)
* **분석 대상기간**: 2010년 1/4분기 ~ 2026년 2/4분기
* **장기식 (미반영 비용압력 추정)**:
  최종재 가격(최종재 국내공급물가, $PPI^{final}$)과 생산비용(국산 중간재 국내공급물가, 수입 중간재 국내공급물가, 단위노동비용 $ULC$) 간의 장기관계식을 통해 가격에 반영되지 않은 잔차를 **미반영 비용압력($CP_t = -\hat{e}_t$)**으로 추정하였습니다.
  $$\ln PPI_t^{final} = \alpha + \beta_1 \ln intermediate_t^{IMP} + \beta_2 \ln intermediate_t^{DOM} + \beta_3 \ln ULC_t + e_t$$
* **단기식 (국면별 전가율 추정)**:
  GDP 갭이 양(+)인 시기를 나타내는 더미변수($Gap_t^+ = \mathbf{1}_{Gap > 0}$)를 상호작용항으로 포함한 오차수정모형을 추정하였습니다.
  $$\Delta \ln PPI_t^{final} = c + \rho \Delta \ln PPI_{t-1}^{final} + \lambda_L CP_{t-1} + \lambda_H (CP_{t-1} \times Gap_{t-1}^+) + \gamma' X_t + \varepsilon_t$$
  * **저수요압력기간 전가율**: $\lambda_L$
  * **고수요압력기간 전가율**: $\lambda_L + \lambda_H$

---

### 2. 국면별 파급률(전가율) 차이 및 결과
* **분석 결과**: 
  * 기업들은 경기가 부진한 시기(저수요압력 국면)에는 가격 인상을 유보하다가, 수요측 압력이 높아지면(고수요압력 국면) 비용상승분의 가격 전가를 확대하면서 그간의 손실을 보전하는 경향이 있습니다.
  * 추정 결과에서도 **低수요압력 국면에서 가격에 반영되지 못한 비용측 압력이 高수요압력 국면에 전가(확대)**되는 것으로 나타났습니다. 
  * 즉, GDP 갭이 높은 시기(고수요압력 국면)의 전가율($\lambda_L + \lambda_H$)이 수요 압력이 낮은 시기($\lambda_L$)에 비해 유의하게 높게 나타나며 가격 전가가 확대되는 경향을 보입니다.

*(참고: 보고서 내 [그림 6]에 국면별 전가율 계수 및 90% 신뢰구간이 막대그래프로 시각화되어 있으나, 구체적인 추정 계수 수치는 본문 텍스트에 별도로 명시되어 있지 않습니다.)*","# 수요압력 국면별 비용압력 전가율 비교

보고서에 따르면, **2010년 1분기부터 2026년 2분기까지** 미반영 비용압력의 전가율은 수요압력 국면에 따라 다르게 나타납니다.

## 추정 방법론

장기식을 통해 최종재가격과 생산비용(국산·수입 중간재, 단위노동비용) 간의 장기관계를 설정한 후, 단기식에서 **GDP갭 더미변수**로 수요압력을 구분하여 분석했습니다.

## 주요 결과

- **저수요압력기간 전가율(β₁)** 과 **고수요압력기간 전가율(β₂)** 이 유의하게 다를 경우, **고수요압력기간의 비용압력 전가율이 더욱 높은 것**으로 판단됩니다.

즉, 수요가 강할 때 기업들이 생산비용 상승을 최종재 가격에 더 적극적으로 반영하는 경향을 보이며, 이는 수요 강도에 따른 가격결정력의 차이를 시사합니다.","참고 1    수요압력 국면별 비용압력 전가율 추정방법
□ 최종재가격과 생산비용(국산·수입 중간재, 단위노동비용)간 장기관계가 있다는 가정하에
 (Ahn et al., 2017) 가격에 반영되지 않은 비용압력(이하 미반영 비용압력)을 추정하고, 수
 요압력에 따른 단기 전가율을 비교하였다.
  장기식: ln    ln 
                                                ln 
                                                                   
                                                                      
                                                                         ln   ,
                      
                           
   단,   는 미반영 비용압력,
       최종재가격은 최종재 국내공급물가(   ),
       국산 중간재가격은 중간재 국내공급물가( 
                                         
                                            
                                              ),
       수입 중간재가격은 중간재 수입 국내공급물가( 
                                               ),
        는 단위노동비용,
       추정 대상기간은 10.1/4~26.2/4분기
                                                                       
  단기식:  ln     ln
                                     
                                                ×     ′   
   단, 
              (GDP갭 더미변수),
         기타 통제변수(GDP갭률(t-1), 중간재가격 상승률(t), 단위노동비용 상승률(t))
⇒ 미반영 비용압력의 저수요압력기간 전가율()과 고수요압력기간 전가율(  )이 유의
  하게 다를 경우 고수요압력기간의 비용압력의 전가율이 더욱 높은 것으로 판단하였다.
                                                                                             43|참고 2             물가확산지수 측정방법
 □ 물가확산지수 측정방법은 다양하지만 본고에서는 美 Conference Board, 일본은행, 美 연
     준 방식을 활용하여 3종류의 물가확산지수를 산출하였다.
     * 3종류의 물가확산지수 비교를 위해 표준화 활용
 □ [물가확산지수 1] 한국은행에서 물가확산지수 산출 시 활용하고 있는 방법으로 전반적
     인 가격상승 압력을 나타내기 때문에 가장 종합적인 물가확산지수이며, 가격을 올리는 기
     업의 비중을 간접적으로 측정할 수 있다.
     ㅇ (측정방식) 美 Conference Board 방식을 준용하여, 개별품목의 전월대비 상승률이
       +0.05% 상회 시 1점, -0.05%와 +0.05% 사이인 경우 0.5점, -0.05% 하회 시 0점을 각
       각 부여하고 소비자물가 가중치를 통해 가중합산 후 12개월 이동평균하여 산출하였다.
       ￭ 모든 품목이 전월대비 보합(-0.05% ~ +0.05%)일 경우 지수는 50이며, 지수가 높아질
         수록 소비자물가 구성 품목 전반에 걸쳐 가격 인상이 확산되고 있음을 의미한다.
      보합기준을 변경하더라도 물가확산지수 추이는 유사
              <소비자물가 1)>                                                                                          <근원물가 1)>
       3                                                                      3    3                                                                      3
       2                                                                      2    2                                                                      2
       1                                                                      1    1                                                                      1
       0                                                                      0    0                                                                      0
       -1                                                                     -1   -1                                                                     -1
                                전월대비 0.05%기준 (연율 0.6%)                                                      전월대비 0.05%기준 (연율 0.6%)
       -2                       전월대비 0.08%기준 (연율 1.0%)                        -2   -2                       전월대비 0.08%기준 (연율 1.0%)                        -2
                                전월대비 0.10%기준 (연율 1.2%)                                                      전월대비 0.10%기준 (연율 1.2%)
                                전월대비 0.12%기준 (연율 1.4%)                                                      전월대비 0.12%기준 (연율 1.4%)
       -3                                                                     -3   -3                                                                     -3
            01   03   05   07    09   11   13   15   17   19   21   23   25             01   03   05   07    09   11   13   15   17   19   21   23   25
       주: 1) 비교를 위해 표준화 활용
      자료: 자체 추정
 □ [물가확산지수 2] 일본은행에서 활용하고 있는 방식으로 가격인상이 가격인하보다 얼마나
     우세한지를 나타내기 때문에 가격조정의 방향성을 보여주는 데 초점이 맞춰져 있다.
     ㅇ (측정방식) 전년동월대비 상승품목 비중에서 하락품목 비중을 차감하여 산출하였다.
       ￭ 지수가 0보다 크면 물가상승압력이 우세함을, 0보다 작으면 물가하락압력이 우세함
         을 나타낸다.
 □ [물가확산지수 3] 美 연준 FEDS Notes(2026)에서 분석된 방식으로 높은 수준의 가격인
     상이 얼마나 광범위한가를 나타내고 있다.
     ㅇ (측정방식) 전년동월대비 상승률이 3%(근원물가 상승률의 기준은 2.5%)를 초과하는 품
        목들의 가중치를 합산하여 산출하였다.
       ￭ 지수가 높을수록 소비자물가 내 가격상승 압력이 강하게 나타나고 있음을 시사한다.
44",
